file_path,post_id,line_count,comment
/Users/jacob.caulfield/Documents/GitHub4/fast-lib/vendor/mosquitto-1.4.12/test/broker/04-retain-qos0-fresh.py,279237,6,# From http://stackoverflow.com/questions/279237/python-import-a-module-from-a-folder
/Users/jacob.caulfield/Documents/GitHub4/fast-lib/vendor/mosquitto-1.4.12/test/broker/08-ssl-connect-no-auth-wrong-ca.py,279237,14,# From http://stackoverflow.com/questions/279237/python-import-a-module-from-a-folder
/Users/jacob.caulfield/Documents/GitHub4/fast-lib/vendor/mosquitto-1.4.12/test/broker/08-ssl-connect-cert-auth-crl.py,279237,11,# From http://stackoverflow.com/questions/279237/python-import-a-module-from-a-folder
/Users/jacob.caulfield/Documents/GitHub4/fast-lib/vendor/mosquitto-1.4.12/test/broker/09-plugin-auth-unpwd-success.py,279237,6,# From http://stackoverflow.com/questions/279237/python-import-a-module-from-a-folder
/Users/jacob.caulfield/Documents/GitHub4/fast-lib/vendor/mosquitto-1.4.12/test/broker/03-publish-b2c-timeout-qos2-helper.py,279237,5,# From http://stackoverflow.com/questions/279237/python-import-a-module-from-a-folder
/Users/jacob.caulfield/Documents/GitHub4/fast-lib/vendor/mosquitto-1.4.12/test/broker/02-unsubscribe-qos0.py,279237,6,# From http://stackoverflow.com/questions/279237/python-import-a-module-from-a-folder
/Users/jacob.caulfield/Documents/GitHub4/fast-lib/vendor/mosquitto-1.4.12/test/broker/02-subpub-qos2.py,279237,5,# From http://stackoverflow.com/questions/279237/python-import-a-module-from-a-folder
/Users/jacob.caulfield/Documents/GitHub4/fast-lib/vendor/mosquitto-1.4.12/test/broker/08-ssl-connect-no-identity.py,279237,13,# From http://stackoverflow.com/questions/279237/python-import-a-module-from-a-folder
/Users/jacob.caulfield/Documents/GitHub4/fast-lib/vendor/mosquitto-1.4.12/test/broker/03-publish-b2c-disconnect-qos1.py,279237,6,# From http://stackoverflow.com/questions/279237/python-import-a-module-from-a-folder
/Users/jacob.caulfield/Documents/GitHub4/fast-lib/vendor/mosquitto-1.4.12/test/broker/03-publish-b2c-timeout-qos2.py,279237,7,# From http://stackoverflow.com/questions/279237/python-import-a-module-from-a-folder
/Users/jacob.caulfield/Documents/GitHub4/fast-lib/vendor/mosquitto-1.4.12/test/broker/04-retain-qos1-qos0.py,279237,7,# From http://stackoverflow.com/questions/279237/python-import-a-module-from-a-folder
/Users/jacob.caulfield/Documents/GitHub4/fast-lib/vendor/mosquitto-1.4.12/test/broker/05-clean-session-qos1.py,279237,7,# From http://stackoverflow.com/questions/279237/python-import-a-module-from-a-folder
/Users/jacob.caulfield/Documents/GitHub4/fast-lib/vendor/mosquitto-1.4.12/test/broker/02-unsubscribe-qos1.py,279237,5,# From http://stackoverflow.com/questions/279237/python-import-a-module-from-a-folder
/Users/jacob.caulfield/Documents/GitHub4/fast-lib/vendor/mosquitto-1.4.12/test/broker/07-will-qos0.py,279237,7,# From http://stackoverflow.com/questions/279237/python-import-a-module-from-a-folder
/Users/jacob.caulfield/Documents/GitHub4/fast-lib/vendor/mosquitto-1.4.12/test/broker/06-bridge-br2b-disconnect-qos1-helper.py,279237,3,# From http://stackoverflow.com/questions/279237/python-import-a-module-from-a-folder
/Users/jacob.caulfield/Documents/GitHub4/fast-lib/vendor/mosquitto-1.4.12/test/broker/08-ssl-connect-cert-auth-without.py,279237,15,# From http://stackoverflow.com/questions/279237/python-import-a-module-from-a-folder
/Users/jacob.caulfield/Documents/GitHub4/fast-lib/vendor/mosquitto-1.4.12/test/broker/03-pattern-matching-helper.py,279237,3,# From http://stackoverflow.com/questions/279237/python-import-a-module-from-a-folder
/Users/jacob.caulfield/Documents/GitHub4/fast-lib/vendor/mosquitto-1.4.12/test/broker/01-connect-uname-password-success-no-tls.py,279237,6,# From http://stackoverflow.com/questions/279237/python-import-a-module-from-a-folder
/Users/jacob.caulfield/Documents/GitHub4/fast-lib/vendor/mosquitto-1.4.12/test/broker/05-clean-session-qos1-helper.py,279237,5,# From http://stackoverflow.com/questions/279237/python-import-a-module-from-a-folder
/Users/jacob.caulfield/Documents/GitHub4/fast-lib/vendor/mosquitto-1.4.12/test/broker/03-pattern-matching.py,279237,6,# From http://stackoverflow.com/questions/279237/python-import-a-module-from-a-folder
/Users/jacob.caulfield/Documents/GitHub4/fast-lib/vendor/mosquitto-1.4.12/test/broker/06-bridge-reconnect-local-out.py,279237,9,# From http://stackoverflow.com/questions/279237/python-import-a-module-from-a-folder
/Users/jacob.caulfield/Documents/GitHub4/fast-lib/vendor/mosquitto-1.4.12/test/broker/01-connect-uname-password-success.py,279237,6,# From http://stackoverflow.com/questions/279237/python-import-a-module-from-a-folder
/Users/jacob.caulfield/Documents/GitHub4/fast-lib/vendor/mosquitto-1.4.12/test/broker/01-connect-invalid-id-0-311.py,279237,5,# From http://stackoverflow.com/questions/279237/python-import-a-module-from-a-folder
/Users/jacob.caulfield/Documents/GitHub4/fast-lib/vendor/mosquitto-1.4.12/test/broker/03-publish-c2b-disconnect-qos2.py,279237,3,# From http://stackoverflow.com/questions/279237/python-import-a-module-from-a-folder
/Users/jacob.caulfield/Documents/GitHub4/fast-lib/vendor/mosquitto-1.4.12/test/broker/08-tls-psk-bridge.py,279237,17,# From http://stackoverflow.com/questions/279237/python-import-a-module-from-a-folder
/Users/jacob.caulfield/Documents/GitHub4/fast-lib/vendor/mosquitto-1.4.12/test/broker/07-will-null.py,279237,6,# From http://stackoverflow.com/questions/279237/python-import-a-module-from-a-folder
/Users/jacob.caulfield/Documents/GitHub4/fast-lib/vendor/mosquitto-1.4.12/test/broker/06-bridge-br2b-disconnect-qos1.py,279237,8,# From http://stackoverflow.com/questions/279237/python-import-a-module-from-a-folder
/Users/jacob.caulfield/Documents/GitHub4/fast-lib/vendor/mosquitto-1.4.12/test/broker/03-publish-qos1.py,279237,5,# From http://stackoverflow.com/questions/279237/python-import-a-module-from-a-folder
/Users/jacob.caulfield/Documents/GitHub4/fast-lib/vendor/mosquitto-1.4.12/test/broker/03-publish-c2b-timeout-qos2.py,279237,7,# From http://stackoverflow.com/questions/279237/python-import-a-module-from-a-folder
/Users/jacob.caulfield/Documents/GitHub4/fast-lib/vendor/mosquitto-1.4.12/test/broker/08-ssl-bridge.py,279237,7,# From http://stackoverflow.com/questions/279237/python-import-a-module-from-a-folder
/Users/jacob.caulfield/Documents/GitHub4/fast-lib/vendor/mosquitto-1.4.12/test/broker/06-bridge-fail-persist-resend-qos2.py,279237,9,# From http://stackoverflow.com/questions/279237/python-import-a-module-from-a-folder
/Users/jacob.caulfield/Documents/GitHub4/fast-lib/vendor/mosquitto-1.4.12/test/broker/01-connect-invalid-protonum.py,279237,5,# From http://stackoverflow.com/questions/279237/python-import-a-module-from-a-folder
/Users/jacob.caulfield/Documents/GitHub4/fast-lib/vendor/mosquitto-1.4.12/test/broker/07-will-qos0-helper.py,279237,5,# From http://stackoverflow.com/questions/279237/python-import-a-module-from-a-folder
/Users/jacob.caulfield/Documents/GitHub4/fast-lib/vendor/mosquitto-1.4.12/test/broker/06-bridge-b2br-disconnect-qos1.py,279237,7,# From http://stackoverflow.com/questions/279237/python-import-a-module-from-a-folder
/Users/jacob.caulfield/Documents/GitHub4/fast-lib/vendor/mosquitto-1.4.12/test/broker/01-connect-invalid-id-0.py,279237,5,# From http://stackoverflow.com/questions/279237/python-import-a-module-from-a-folder
/Users/jacob.caulfield/Documents/GitHub4/fast-lib/vendor/mosquitto-1.4.12/test/broker/04-retain-qos0-clear.py,279237,8,# From http://stackoverflow.com/questions/279237/python-import-a-module-from-a-folder
/Users/jacob.caulfield/Documents/GitHub4/fast-lib/vendor/mosquitto-1.4.12/test/broker/04-retain-qos0-repeated.py,279237,6,# From http://stackoverflow.com/questions/279237/python-import-a-module-from-a-folder
/Users/jacob.caulfield/Documents/GitHub4/fast-lib/vendor/mosquitto-1.4.12/test/broker/02-subscribe-qos2.py,279237,5,# From http://stackoverflow.com/questions/279237/python-import-a-module-from-a-folder
/Users/jacob.caulfield/Documents/GitHub4/fast-lib/vendor/mosquitto-1.4.12/test/broker/04-retain-qos0.py,279237,5,# From http://stackoverflow.com/questions/279237/python-import-a-module-from-a-folder
/Users/jacob.caulfield/Documents/GitHub4/fast-lib/vendor/mosquitto-1.4.12/test/broker/08-ssl-connect-cert-auth-revoked.py,279237,12,# From http://stackoverflow.com/questions/279237/python-import-a-module-from-a-folder
/Users/jacob.caulfield/Documents/GitHub4/fast-lib/vendor/mosquitto-1.4.12/test/broker/03-publish-b2c-disconnect-qos2-helper.py,279237,5,# From http://stackoverflow.com/questions/279237/python-import-a-module-from-a-folder
/Users/jacob.caulfield/Documents/GitHub4/fast-lib/vendor/mosquitto-1.4.12/test/broker/01-connect-invalid-id-missing.py,279237,5,# From http://stackoverflow.com/questions/279237/python-import-a-module-from-a-folder
/Users/jacob.caulfield/Documents/GitHub4/fast-lib/vendor/mosquitto-1.4.12/test/broker/06-bridge-fail-persist-resend-qos1.py,279237,9,# From http://stackoverflow.com/questions/279237/python-import-a-module-from-a-folder
/Users/jacob.caulfield/Documents/GitHub4/fast-lib/vendor/mosquitto-1.4.12/test/broker/01-connect-anon-denied.py,279237,5,# From http://stackoverflow.com/questions/279237/python-import-a-module-from-a-folder
/Users/jacob.caulfield/Documents/GitHub4/fast-lib/vendor/mosquitto-1.4.12/test/broker/10-listener-mount-point-helper.py,279237,3,# From http://stackoverflow.com/questions/279237/python-import-a-module-from-a-folder
/Users/jacob.caulfield/Documents/GitHub4/fast-lib/vendor/mosquitto-1.4.12/test/broker/06-bridge-b2br-disconnect-qos2.py,279237,7,# From http://stackoverflow.com/questions/279237/python-import-a-module-from-a-folder
/Users/jacob.caulfield/Documents/GitHub4/fast-lib/vendor/mosquitto-1.4.12/test/broker/08-ssl-bridge-helper.py,279237,3,# From http://stackoverflow.com/questions/279237/python-import-a-module-from-a-folder
/Users/jacob.caulfield/Documents/GitHub4/fast-lib/vendor/mosquitto-1.4.12/test/broker/02-subscribe-qos1.py,279237,5,# From http://stackoverflow.com/questions/279237/python-import-a-module-from-a-folder
/Users/jacob.caulfield/Documents/GitHub4/fast-lib/vendor/mosquitto-1.4.12/test/broker/08-ssl-connect-cert-auth-expired.py,279237,15,# From http://stackoverflow.com/questions/279237/python-import-a-module-from-a-folder
/Users/jacob.caulfield/Documents/GitHub4/fast-lib/vendor/mosquitto-1.4.12/test/broker/08-ssl-connect-identity.py,279237,13,# From http://stackoverflow.com/questions/279237/python-import-a-module-from-a-folder
/Users/jacob.caulfield/Documents/GitHub4/fast-lib/vendor/mosquitto-1.4.12/test/broker/02-subscribe-qos0.py,279237,6,# From http://stackoverflow.com/questions/279237/python-import-a-module-from-a-folder
/Users/jacob.caulfield/Documents/GitHub4/fast-lib/vendor/mosquitto-1.4.12/test/broker/03-publish-b2c-disconnect-qos1-helper.py,279237,3,# From http://stackoverflow.com/questions/279237/python-import-a-module-from-a-folder
/Users/jacob.caulfield/Documents/GitHub4/fast-lib/vendor/mosquitto-1.4.12/test/broker/08-ssl-connect-no-auth.py,279237,13,# From http://stackoverflow.com/questions/279237/python-import-a-module-from-a-folder
/Users/jacob.caulfield/Documents/GitHub4/fast-lib/vendor/mosquitto-1.4.12/test/broker/06-bridge-br2b-disconnect-qos2.py,279237,8,# From http://stackoverflow.com/questions/279237/python-import-a-module-from-a-folder
/Users/jacob.caulfield/Documents/GitHub4/fast-lib/vendor/mosquitto-1.4.12/test/broker/03-publish-qos2.py,279237,5,# From http://stackoverflow.com/questions/279237/python-import-a-module-from-a-folder
/Users/jacob.caulfield/Documents/GitHub4/fast-lib/vendor/mosquitto-1.4.12/test/broker/03-publish-b2c-timeout-qos1.py,279237,7,# From http://stackoverflow.com/questions/279237/python-import-a-module-from-a-folder
/Users/jacob.caulfield/Documents/GitHub4/fast-lib/vendor/mosquitto-1.4.12/test/broker/06-bridge-reconnect-local-out-helper.py,279237,3,# From http://stackoverflow.com/questions/279237/python-import-a-module-from-a-folder
/Users/jacob.caulfield/Documents/GitHub4/fast-lib/vendor/mosquitto-1.4.12/test/broker/02-subpub-qos0.py,279237,5,# From http://stackoverflow.com/questions/279237/python-import-a-module-from-a-folder
/Users/jacob.caulfield/Documents/GitHub4/fast-lib/vendor/mosquitto-1.4.12/test/broker/02-unsubscribe-qos2.py,279237,5,# From http://stackoverflow.com/questions/279237/python-import-a-module-from-a-folder
/Users/jacob.caulfield/Documents/GitHub4/fast-lib/vendor/mosquitto-1.4.12/test/broker/10-listener-mount-point.py,279237,5,# From http://stackoverflow.com/questions/279237/python-import-a-module-from-a-folder
/Users/jacob.caulfield/Documents/GitHub4/fast-lib/vendor/mosquitto-1.4.12/test/broker/01-connect-uname-no-password-denied.py,279237,6,# From http://stackoverflow.com/questions/279237/python-import-a-module-from-a-folder
/Users/jacob.caulfield/Documents/GitHub4/fast-lib/vendor/mosquitto-1.4.12/test/broker/03-publish-b2c-timeout-qos1-helper.py,279237,5,# From http://stackoverflow.com/questions/279237/python-import-a-module-from-a-folder
/Users/jacob.caulfield/Documents/GitHub4/fast-lib/vendor/mosquitto-1.4.12/test/broker/08-ssl-connect-cert-auth.py,279237,13,# From http://stackoverflow.com/questions/279237/python-import-a-module-from-a-folder
/Users/jacob.caulfield/Documents/GitHub4/fast-lib/vendor/mosquitto-1.4.12/test/broker/06-bridge-br2b-disconnect-qos2-helper.py,279237,3,# From http://stackoverflow.com/questions/279237/python-import-a-module-from-a-folder
/Users/jacob.caulfield/Documents/GitHub4/fast-lib/vendor/mosquitto-1.4.12/test/broker/07-will-null-topic.py,279237,5,# From http://stackoverflow.com/questions/279237/python-import-a-module-from-a-folder
/Users/jacob.caulfield/Documents/GitHub4/fast-lib/vendor/mosquitto-1.4.12/test/broker/01-connect-uname-password-denied.py,279237,6,# From http://stackoverflow.com/questions/279237/python-import-a-module-from-a-folder
/Users/jacob.caulfield/Documents/GitHub4/fast-lib/vendor/mosquitto-1.4.12/test/broker/08-tls-psk-pub.py,279237,16,# From http://stackoverflow.com/questions/279237/python-import-a-module-from-a-folder
/Users/jacob.caulfield/Documents/GitHub4/fast-lib/vendor/mosquitto-1.4.12/test/broker/01-connect-success.py,279237,6,# From http://stackoverflow.com/questions/279237/python-import-a-module-from-a-folder
/Users/jacob.caulfield/Documents/GitHub4/fast-lib/vendor/mosquitto-1.4.12/test/broker/09-plugin-auth-unpwd-fail.py,279237,6,# From http://stackoverflow.com/questions/279237/python-import-a-module-from-a-folder
/Users/jacob.caulfield/Documents/GitHub4/fast-lib/vendor/mosquitto-1.4.12/test/broker/07-will-null-helper.py,279237,5,# From http://stackoverflow.com/questions/279237/python-import-a-module-from-a-folder
/Users/jacob.caulfield/Documents/GitHub4/fast-lib/vendor/mosquitto-1.4.12/test/broker/02-subpub-qos1.py,279237,5,# From http://stackoverflow.com/questions/279237/python-import-a-module-from-a-folder
/Users/jacob.caulfield/Documents/GitHub4/fast-lib/vendor/mosquitto-1.4.12/test/broker/03-publish-b2c-disconnect-qos2.py,279237,5,# From http://stackoverflow.com/questions/279237/python-import-a-module-from-a-folder
/Users/jacob.caulfield/Documents/GitHub4/fast-lib/vendor/mosquitto-1.4.12/test/lib/03-publish-c2b-qos1-timeout.py,279237,23,# From http://stackoverflow.com/questions/279237/python-import-a-module-from-a-folder
/Users/jacob.caulfield/Documents/GitHub4/fast-lib/vendor/mosquitto-1.4.12/test/lib/01-unpwd-set.py,279237,12,# From http://stackoverflow.com/questions/279237/python-import-a-module-from-a-folder
/Users/jacob.caulfield/Documents/GitHub4/fast-lib/vendor/mosquitto-1.4.12/test/lib/03-publish-qos0-no-payload.py,279237,17,# From http://stackoverflow.com/questions/279237/python-import-a-module-from-a-folder
/Users/jacob.caulfield/Documents/GitHub4/fast-lib/vendor/mosquitto-1.4.12/test/lib/02-unsubscribe.py,279237,9,# From http://stackoverflow.com/questions/279237/python-import-a-module-from-a-folder
/Users/jacob.caulfield/Documents/GitHub4/fast-lib/vendor/mosquitto-1.4.12/test/lib/01-will-unpwd-set.py,279237,14,# From http://stackoverflow.com/questions/279237/python-import-a-module-from-a-folder
/Users/jacob.caulfield/Documents/GitHub4/fast-lib/vendor/mosquitto-1.4.12/test/lib/03-publish-c2b-qos2.py,279237,27,# From http://stackoverflow.com/questions/279237/python-import-a-module-from-a-folder
/Users/jacob.caulfield/Documents/GitHub4/fast-lib/vendor/mosquitto-1.4.12/test/lib/09-util-topic-matching.py,279237,6,# From http://stackoverflow.com/questions/279237/python-import-a-module-from-a-folder
/Users/jacob.caulfield/Documents/GitHub4/fast-lib/vendor/mosquitto-1.4.12/test/lib/01-will-set.py,279237,14,# From http://stackoverflow.com/questions/279237/python-import-a-module-from-a-folder
/Users/jacob.caulfield/Documents/GitHub4/fast-lib/vendor/mosquitto-1.4.12/test/lib/01-keepalive-pingreq.py,279237,15,# From http://stackoverflow.com/questions/279237/python-import-a-module-from-a-folder
/Users/jacob.caulfield/Documents/GitHub4/fast-lib/vendor/mosquitto-1.4.12/test/lib/03-publish-b2c-qos2.py,279237,24,# From http://stackoverflow.com/questions/279237/python-import-a-module-from-a-folder
/Users/jacob.caulfield/Documents/GitHub4/fast-lib/vendor/mosquitto-1.4.12/test/lib/08-ssl-fake-cacert.py,279237,9,# From http://stackoverflow.com/questions/279237/python-import-a-module-from-a-folder
/Users/jacob.caulfield/Documents/GitHub4/fast-lib/vendor/mosquitto-1.4.12/test/lib/03-publish-c2b-qos2-disconnect.py,279237,9,# From http://stackoverflow.com/questions/279237/python-import-a-module-from-a-folder
/Users/jacob.caulfield/Documents/GitHub4/fast-lib/vendor/mosquitto-1.4.12/test/lib/03-publish-c2b-qos1-disconnect.py,279237,9,# From http://stackoverflow.com/questions/279237/python-import-a-module-from-a-folder
/Users/jacob.caulfield/Documents/GitHub4/fast-lib/vendor/mosquitto-1.4.12/test/lib/03-publish-qos0.py,279237,17,# From http://stackoverflow.com/questions/279237/python-import-a-module-from-a-folder
/Users/jacob.caulfield/Documents/GitHub4/fast-lib/vendor/mosquitto-1.4.12/test/lib/02-subscribe-qos2.py,279237,19,# From http://stackoverflow.com/questions/279237/python-import-a-module-from-a-folder
/Users/jacob.caulfield/Documents/GitHub4/fast-lib/vendor/mosquitto-1.4.12/test/lib/04-retain-qos0.py,279237,9,# From http://stackoverflow.com/questions/279237/python-import-a-module-from-a-folder
/Users/jacob.caulfield/Documents/GitHub4/fast-lib/vendor/mosquitto-1.4.12/test/lib/09-util-topic-tokenise.py,279237,6,# From http://stackoverflow.com/questions/279237/python-import-a-module-from-a-folder
/Users/jacob.caulfield/Documents/GitHub4/fast-lib/vendor/mosquitto-1.4.12/test/lib/02-subscribe-qos1.py,279237,19,# From http://stackoverflow.com/questions/279237/python-import-a-module-from-a-folder
/Users/jacob.caulfield/Documents/GitHub4/fast-lib/vendor/mosquitto-1.4.12/test/lib/01-con-discon-success.py,279237,15,# From http://stackoverflow.com/questions/279237/python-import-a-module-from-a-folder
/Users/jacob.caulfield/Documents/GitHub4/fast-lib/vendor/mosquitto-1.4.12/test/lib/02-subscribe-qos0.py,279237,19,# From http://stackoverflow.com/questions/279237/python-import-a-module-from-a-folder
/Users/jacob.caulfield/Documents/GitHub4/fast-lib/vendor/mosquitto-1.4.12/test/lib/08-ssl-bad-cacert.py,279237,6,# From http://stackoverflow.com/questions/279237/python-import-a-module-from-a-folder
/Users/jacob.caulfield/Documents/GitHub4/fast-lib/vendor/mosquitto-1.4.12/test/lib/03-publish-b2c-qos1.py,279237,19,# From http://stackoverflow.com/questions/279237/python-import-a-module-from-a-folder
/Users/jacob.caulfield/Documents/GitHub4/fast-lib/vendor/mosquitto-1.4.12/test/lib/08-ssl-connect-no-auth.py,279237,17,# From http://stackoverflow.com/questions/279237/python-import-a-module-from-a-folder
/Users/jacob.caulfield/Documents/GitHub4/fast-lib/vendor/mosquitto-1.4.12/test/lib/08-ssl-connect-cert-auth.py,279237,18,# From http://stackoverflow.com/questions/279237/python-import-a-module-from-a-folder
/Users/jacob.caulfield/Documents/GitHub4/fast-lib/vendor/mosquitto-1.4.12/test/lib/08-ssl-connect-cert-auth-enc.py,279237,18,# From http://stackoverflow.com/questions/279237/python-import-a-module-from-a-folder
/Users/jacob.caulfield/Documents/GitHub4/fast-lib/vendor/mosquitto-1.4.12/test/lib/01-no-clean-session.py,279237,12,# From http://stackoverflow.com/questions/279237/python-import-a-module-from-a-folder
/Users/jacob.caulfield/Documents/GitHub4/fast-lib/vendor/mosquitto-1.4.12/test/lib/03-publish-c2b-qos2-timeout.py,279237,27,# From http://stackoverflow.com/questions/279237/python-import-a-module-from-a-folder
